{"246981740": {"current_emails": {"vladbghaba@mail.ru": {"contact_id": 49870147, "lead_id": 30819207}, "Kolerov.belovchanin@yandex.ru": {"contact_id": 49742629, "lead_id": 30660127}, "infa.for.max@gmail.com": {"contact_id": 49699693, "lead_id": 30603039}, "astrogod@gmail.com": {"contact_id": 48676911, "lead_id": 48676427}, "remnvk@mail.ru": {"contact_id": 49616697, "lead_id": 30538267}, "k.y.p@bk.ru": {"contact_id": 48697673, "lead_id": 29703967}}}, "246981740": {"current_emails": {"vladbghaba@mail.ru": {"contact_id": 49870147, "lead_id": 30819207}, "Kolerov.belovchanin@yandex.ru": {"contact_id": 49742629, "lead_id": 30660127}, "infa.for.max@gmail.com": {"contact_id": 49699693, "lead_id": 30603039}, "astrogod@gmail.com": {"contact_id": 48676911, "lead_id": 48676427}, "remnvk@mail.ru": {"contact_id": 49616697, "lead_id": 30538267}, "k.y.p@bk.ru": {"contact_id": 48697673, "lead_id": 29703967}}}}